{"schemaVersion":"1.0","appDefinitionTemplate":{"id":"/providers/Microsoft.PowerApps/apps/","type":"Microsoft.PowerApps/apps","tags":{"primaryDeviceWidth":"1366","primaryDeviceHeight":"768","sienaVersion":"20220425T055053Z-3.22042.8.0","deviceCapabilities":"","supportsPortrait":"true","supportsLandscape":"true","primaryFormFactor":"Tablet","publisherVersion":"3.22042.8","minimumRequiredApiVersion":"2.2.0","hasComponent":"true","hasUnlockedComponent":"true","isUnifiedRootApp":"false"},"properties":{"appVersion":"2022-04-25T05:50:53Z","lifeCycleId":"Published","createdByClientVersion":{"major":3,"minor":22042,"build":8,"revision":0,"majorRevision":0,"minorRevision":0},"minClientVersion":{"major":3,"minor":22042,"build":8,"revision":0,"majorRevision":0,"minorRevision":0},"backgroundColor":"RGBA(0,176,240,1)","backgroundImageUri":"/956517015121229752/Nbd54592a-3f58-4929-ac30-84be38247b6d-logoSmallFile","displayName":"2022 InvoicingVsEngagements_SV_ORG_NEW","description":"","commitMessage":"","appUris":{"documentUri":{"value":"/956517015121229752/N45381e53-a6f8-4ed9-920e-98574964e1c8-document.msapp"},"imageUris":[]},"createdTime":"0001-01-01T00:00:00Z","lastModifiedTime":"0001-01-01T00:00:00Z","sharedGroupsCount":0,"sharedUsersCount":0,"icons":{"smallIconUri":"/956517015121229752/N2f798daf-c7ff-4637-902e-bc49925da74d-small.png","mediumIconUri":"/956517015121229752/N6cb56703-389c-4a44-ab7d-b8f80e574c57-medium.png","largeIconUri":"/956517015121229752/N0e69bb8a-f3db-47b6-9613-6b9764f9ec99-large.png","wideIconUri":"/956517015121229752/Nfc47701d-e125-4192-80c8-af2046e6343d-wide.png"},"connectionReferences":{"fb69733b-5b2d-43f3-84de-9a4417cbccc6":{"id":"509fea82-17dc-4dad-a0fe-15b3d9ea2171","displayName":"SharePoint","iconUri":"https://connectoricons-prod.azureedge.net/releases/v1.0.1568/1.0.1568.2757/sharepointonline/icon.png","dataSources":["Targets 2022_1","Weekly Investments SV - ORG","Sachin Bulk Upload-Copy Updated-ORG","Sachin Bulk Upload-ORG","Invoicing_VIL_SPC_ORG","Products Listings_ORG","Targets 2022_SV-ORG"],"dependencies":[],"dependents":[],"parameterHints":{},"parameterHintsV2":{},"isOnPremiseConnection":false,"bypassConsent":false,"dataSets":{"https://rosenberger1.sharepoint.com/sites/InvoicingInputsCollection":{"dataSources":{"Targets 2022_1":{"tableName":"ee260112-9fb7-4e28-b76d-72fa5e926a12"}}},"https://rosenberger1.sharepoint.com/sites/SalesOrderTracking":{"dataSources":{"Weekly Investments SV - ORG":{"tableName":"d1cafba6-abd0-4a6d-a8c1-cdadf6c2ceaa"},"Sachin Bulk Upload-Copy Updated-ORG":{"tableName":"73c5ac2e-765a-4a04-a998-76a4b3efe463"},"Sachin Bulk Upload-ORG":{"tableName":"e4e5cb55-148d-467b-b975-692cd04a14e0"},"Invoicing_VIL_SPC_ORG":{"tableName":"e26090b2-d4b4-4549-b61f-2f70a024667f"},"Products Listings_ORG":{"tableName":"96a187d8-529a-4942-a2dd-731bc62ba77f"},"Targets 2022_SV-ORG":{"tableName":"09940a0e-c657-4875-ba29-d644bda3bc0a"}}}},"apiTier":"Standard","isCustomApiConnection":false,"actions":["providers/PowerPlatform.Governance/Operations/Read","providers/PowerPlatform.Governance/Operations/Write"]}},"databaseReferences":{},"almMode":"Environment","performanceOptimizationEnabled":true,"canConsumeAppPass":true,"executionRestrictions":{"isTeamsOnly":false,"dataLossPreventionEvaluationResult":{"status":"Compliant","lastEvaluationDate":"2022-04-24T16:50:16.034357Z","violations":[],"violationsByPolicy":[],"violationErrorMessage":"The app uses the following connectors: shared_sharepointonline, shared_excelonlinebusiness, shared_logicflows."},"httpActionRestriction":{"appUsesSharepointHttpAction":false,"enforcementStrategy":"Legacy","evaluationTime":"2022-04-24T16:50:16.034357Z"}}},"appType":"ClassicCanvasApp","appComponents":[]}}