{"name":"8bc2d2b6-a04e-4b2d-94e3-19b5decb2188","id":"/providers/Microsoft.Flow/flows/8bc2d2b6-a04e-4b2d-94e3-19b5decb2188","type":"Microsoft.Flow/flows","properties":{"apiId":"/providers/Microsoft.PowerApps/apis/shared_logicflows","displayName":"2022 Invoicing NM _ When an item created or modified -> Get attachments and recreate attachements in respective folder","definition":{"metadata":{"workflowEntityId":null,"processAdvisorMetadata":null,"flowclientsuspensionreason":"None","flowclientsuspensiontime":null,"creator":{"id":"6c2bfba0-bbcb-4704-ac23-74183e4b76d1","type":"User","tenantId":"01fedce0-a630-44f8-b186-f9f5ab9bd981"},"provisioningMethod":"FromDefinition","failureAlertSubscription":true,"clientLastModifiedTime":"2022-02-02T19:18:03.6314521Z"},"$schema":"https://schema.management.azure.com/providers/Microsoft.Logic/schemas/2016-06-01/workflowdefinition.json#","contentVersion":"1.0.0.0","parameters":{"$connections":{"defaultValue":{},"type":"Object"},"$authentication":{"defaultValue":{},"type":"SecureObject"}},"triggers":{"When_an_item_is_created_or_modified":{"recurrence":{"frequency":"Minute","interval":1},"splitOn":"@triggerOutputs()?['body/value']","metadata":{"operationMetadataId":"3e5edec4-955a-4389-8f38-9516c7ddf125"},"type":"OpenApiConnection","inputs":{"host":{"apiId":"/providers/Microsoft.PowerApps/apis/shared_sharepointonline","connectionName":"shared_sharepointonline","operationId":"GetOnUpdatedItems"},"parameters":{"dataset":"https://rosenberger1.sharepoint.com/sites/SalesOrderTracking","table":"4cf8b4b4-b732-49b1-8eb3-30bf35f7ae73"},"authentication":"@parameters('$authentication')"}}},"actions":{"Get_attachments":{"runAfter":{},"metadata":{"operationMetadataId":"d51b86a9-606f-4e58-b9b9-569aed6d3f36"},"type":"OpenApiConnection","inputs":{"host":{"apiId":"/providers/Microsoft.PowerApps/apis/shared_sharepointonline","connectionName":"shared_sharepointonline","operationId":"GetItemAttachments"},"parameters":{"dataset":"https://rosenberger1.sharepoint.com/sites/SalesOrderTracking","table":"4cf8b4b4-b732-49b1-8eb3-30bf35f7ae73","itemId":"@triggerOutputs()?['body/ID']"},"authentication":"@parameters('$authentication')"}},"Apply_to_each":{"foreach":"@body('Get_attachments')","actions":{"Get_attachment_content":{"runAfter":{},"metadata":{"operationMetadataId":"b64c3ff4-3d18-4ac5-92ea-11c64c300c95"},"type":"OpenApiConnection","inputs":{"host":{"apiId":"/providers/Microsoft.PowerApps/apis/shared_sharepointonline","connectionName":"shared_sharepointonline","operationId":"GetAttachmentContent"},"parameters":{"dataset":"https://rosenberger1.sharepoint.com/sites/SalesOrderTracking","table":"4cf8b4b4-b732-49b1-8eb3-30bf35f7ae73","itemId":"@triggerOutputs()?['body/ID']","attachmentId":"@item()?['Id']"},"authentication":"@parameters('$authentication')"}},"Create_file":{"runAfter":{"Get_attachment_content":["Succeeded"]},"metadata":{"operationMetadataId":"b11ffef2-e0ae-46ee-b61e-78f2ff85a833"},"type":"OpenApiConnection","inputs":{"host":{"apiId":"/providers/Microsoft.PowerApps/apis/shared_sharepointonline","connectionName":"shared_sharepointonline","operationId":"CreateFile"},"parameters":{"dataset":"https://rosenberger1.sharepoint.com/sites/SalesOrderTracking","folderPath":"/Shared Documents/Upload/Invoicing Bulk Upload/Nilima","name":"@{items('Apply_to_each')?['DisplayName']}@{utcNow()}.xls","body":"@body('Get_attachment_content')"},"authentication":"@parameters('$authentication')"},"runtimeConfiguration":{"contentTransfer":{"transferMode":"Chunked"}}},"Copy_file":{"runAfter":{"Create_file":["Succeeded"]},"metadata":{"operationMetadataId":"23e960de-0201-468e-aa1b-e60ccfcf8852"},"type":"OpenApiConnection","inputs":{"host":{"apiId":"/providers/Microsoft.PowerApps/apis/shared_sharepointonline","connectionName":"shared_sharepointonline","operationId":"CopyFileAsync"},"parameters":{"dataset":"https://rosenberger1.sharepoint.com/sites/SalesOrderTracking","parameters/sourceFileId":"@outputs('Create_file')?['body/Id']","parameters/destinationDataset":"https://rosenberger1.sharepoint.com/sites/SalesOrderTracking","parameters/destinationFolderPath":"/Shared Documents/Upload/Invoicing Bulk Upload/Nilima/Copy","parameters/nameConflictBehavior":1},"authentication":"@parameters('$authentication')"}},"Update_file":{"runAfter":{"Copy_file":["Succeeded"]},"metadata":{"%252fShared%2bDocuments%252fInvoicing%2bBulk%2bUpload%252fHimanshu%252fCopy%252fBulk%2bUpload%2btest.xlsx":"/Shared Documents/Invoicing Bulk Upload/Himanshu/Copy/Bulk Upload test.xlsx","operationMetadataId":"09b8a671-46d0-409c-9018-2540ae9b6256","%252fShared%2bDocuments%252fInvoicing%2bBulk%2bUpload%252fHimanshu%252fCopy%252fBulk%2bUpload%2bHM.xlsx":"/Shared Documents/Invoicing Bulk Upload/Himanshu/Copy/Bulk Upload HM.xlsx","%252fShared%2bDocuments%252fUpload%252fInvoicing%2bBulk%2bUpload%252fHimanshu%252fCopy%252fBulk%2bUpload%2bHM.xlsx":"/Shared Documents/Upload/Invoicing Bulk Upload/Himanshu/Copy/Bulk Upload HM.xlsx","%252fShared%2bDocuments%252fUpload%252fInvoicing%2bBulk%2bUpload%252fNilima%252fCopy%252fBulk%2bUpload%2bNM.xlsx":"/Shared Documents/Upload/Invoicing Bulk Upload/Nilima/Copy/Bulk Upload NM.xlsx"},"type":"OpenApiConnection","inputs":{"host":{"apiId":"/providers/Microsoft.PowerApps/apis/shared_sharepointonline","connectionName":"shared_sharepointonline","operationId":"UpdateFile"},"parameters":{"dataset":"https://rosenberger1.sharepoint.com/sites/SalesOrderTracking","id":"%252fShared%2bDocuments%252fUpload%252fInvoicing%2bBulk%2bUpload%252fNilima%252fCopy%252fBulk%2bUpload%2bNM.xlsx","body":"@body('Get_attachment_content')"},"authentication":"@parameters('$authentication')"}},"Create_item":{"runAfter":{"Update_file":["Succeeded"]},"metadata":{"operationMetadataId":"2d01719e-1243-4445-ac25-6366774d1406"},"type":"OpenApiConnection","inputs":{"host":{"apiId":"/providers/Microsoft.PowerApps/apis/shared_sharepointonline","connectionName":"shared_sharepointonline","operationId":"PostItem"},"parameters":{"dataset":"https://rosenberger1.sharepoint.com/sites/SalesOrderTracking","table":"1a3b3dd1-4e11-4362-bd8b-01906c175f72","item/Title":"@outputs('Update_file')?['body/DisplayName']","item/FileUpdatedORNOT":"@outputs('Update_file')?['body/Path']"},"authentication":"@parameters('$authentication')"}},"Send_an_email_(V2)":{"runAfter":{"Create_item":["Succeeded"]},"metadata":{"operationMetadataId":"e1b80180-c502-4db8-9ddc-1062c0c1b0dc"},"type":"OpenApiConnection","inputs":{"host":{"apiId":"/providers/Microsoft.PowerApps/apis/shared_office365","connectionName":"shared_office365","operationId":"SendEmailV2"},"parameters":{"emailMessage/To":"@triggerOutputs()?['body/Author/Email']","emailMessage/Subject":"Invoicing Uploaded as on @{triggerOutputs()?['body/EndOftheMonth']}","emailMessage/Body":"<p>Hi @{triggerOutputs()?['body/Author/DisplayName']} ,<br>\n<br>\nYour Attachment Saved Successfully for the subjected Week;<br>\n<br>\nIf You are Sure about the data you have uploaded;<br>\nPlease Click the Button \"UPDATE DATA\" to Proceed further with Data Updation.<br>\n<br>\nElse Reupload the Excel with modifications If any.<br>\n<br>\n<br>\nThanks &amp; Regards,<br>\nTeam.</p>","emailMessage/Bcc":"Swapnita.Jadhav@rosenberger.in","emailMessage/Attachments":[{"Name":"@item()?['DisplayName']","ContentBytes":"@body('Get_attachment_content')"}]},"authentication":"@parameters('$authentication')"}}},"runAfter":{"Get_attachments":["Succeeded"]},"metadata":{"operationMetadataId":"ecf4d10b-c7ab-472d-9313-69ec22667d89"},"type":"Foreach"}}},"connectionReferences":{"shared_sharepointonline":{"connectionName":"shared-sharepointonl-1fbd252a-b7b6-45b2-898b-7d1c-4869cf0a","source":"Embedded","id":"/providers/Microsoft.PowerApps/apis/shared_sharepointonline","tier":"NotSpecified"},"shared_office365":{"connectionName":"shared-office365-3ef6093f-3553-437c-8a34-7f892768a81d","source":"Embedded","id":"/providers/Microsoft.PowerApps/apis/shared_office365","tier":"NotSpecified"}},"flowFailureAlertSubscribed":false,"isManaged":false}}