{"schemaVersion":"1.0","appDefinitionTemplate":{"id":"/providers/Microsoft.PowerApps/apps/","type":"Microsoft.PowerApps/apps","tags":{"primaryDeviceWidth":"1366","primaryDeviceHeight":"768","sienaVersion":"20220425T053953Z-3.22042.8.0","deviceCapabilities":"","supportsPortrait":"true","supportsLandscape":"true","primaryFormFactor":"Tablet","publisherVersion":"3.22042.8","minimumRequiredApiVersion":"2.2.0","hasComponent":"true","hasUnlockedComponent":"true","isUnifiedRootApp":"false"},"properties":{"appVersion":"2022-04-25T05:39:53Z","lifeCycleId":"Published","createdByClientVersion":{"major":3,"minor":22042,"build":8,"revision":0,"majorRevision":0,"minorRevision":0},"minClientVersion":{"major":3,"minor":22042,"build":8,"revision":0,"majorRevision":0,"minorRevision":0},"backgroundColor":"RGBA(0,176,240,1)","backgroundImageUri":"/4572764941604649145/Nf0b55b6d-2361-48b3-bad7-b81048e89434-logoSmallFile","displayName":"2022 InvoicingVsEngagements_RJ_ORG_NEW","description":"","commitMessage":"","appUris":{"documentUri":{"value":"/4572764941604649145/N3e78621b-de94-42a2-a0e6-13322e24697d-document.msapp"},"imageUris":[]},"createdTime":"0001-01-01T00:00:00Z","lastModifiedTime":"0001-01-01T00:00:00Z","sharedGroupsCount":0,"sharedUsersCount":0,"icons":{"smallIconUri":"/4572764941604649145/N38985df8-7953-44a2-a138-e214c9892926-small.png","mediumIconUri":"/4572764941604649145/Nb1aa695b-eda0-48c5-9a63-b7fd66a5992c-medium.png","largeIconUri":"/4572764941604649145/N6c00aba9-706e-4235-8038-55a66e83588c-large.png","wideIconUri":"/4572764941604649145/Nbe624c1f-8924-42a9-82a9-bc3d9e610b12-wide.png"},"connectionReferences":{"fb69733b-5b2d-43f3-84de-9a4417cbccc6":{"id":"509fea82-17dc-4dad-a0fe-15b3d9ea2171","displayName":"SharePoint","iconUri":"https://connectoricons-prod.azureedge.net/releases/v1.0.1568/1.0.1568.2757/sharepointonline/icon.png","dataSources":["Targets 2022_1","Invoicing_RJIO_ORG","Products Listings_ORG","Rahul Bulk Upload-Copy Updated-ORG","Rahul Bulk Upload-ORG"],"dependencies":[],"dependents":[],"parameterHints":{},"parameterHintsV2":{},"isOnPremiseConnection":false,"bypassConsent":false,"dataSets":{"https://rosenberger1.sharepoint.com/sites/InvoicingInputsCollection":{"dataSources":{"Targets 2022_1":{"tableName":"ee260112-9fb7-4e28-b76d-72fa5e926a12"}}},"https://rosenberger1.sharepoint.com/sites/SalesOrderTracking":{"dataSources":{"Invoicing_RJIO_ORG":{"tableName":"f054740e-3777-4c56-b92b-24df6f17cfbe"},"Products Listings_ORG":{"tableName":"96a187d8-529a-4942-a2dd-731bc62ba77f"},"Rahul Bulk Upload-Copy Updated-ORG":{"tableName":"d4c25383-5744-4753-8d4b-595a7f4c2618"},"Rahul Bulk Upload-ORG":{"tableName":"6f0ad4c4-bf81-4c42-982a-c2e92c11df2b"}}}},"apiTier":"Standard","isCustomApiConnection":false,"actions":["providers/PowerPlatform.Governance/Operations/Read","providers/PowerPlatform.Governance/Operations/Write"]}},"databaseReferences":{},"almMode":"Environment","performanceOptimizationEnabled":true,"canConsumeAppPass":true,"executionRestrictions":{"isTeamsOnly":false,"dataLossPreventionEvaluationResult":{"status":"Compliant","lastEvaluationDate":"2022-04-24T16:53:29.8805436Z","violations":[],"violationsByPolicy":[],"violationErrorMessage":"The app uses the following connectors: shared_sharepointonline, shared_excelonlinebusiness, shared_logicflows."},"httpActionRestriction":{"appUsesSharepointHttpAction":false,"enforcementStrategy":"Legacy","evaluationTime":"2022-04-24T16:53:29.8805436Z"}}},"appType":"ClassicCanvasApp","appComponents":[]}}