{"name":"3c03e9a7-07ad-4b32-bf21-0e48db9f5020","id":"/providers/Microsoft.Flow/flows/3c03e9a7-07ad-4b32-bf21-0e48db9f5020","type":"Microsoft.Flow/flows","properties":{"apiId":"/providers/Microsoft.PowerApps/apis/shared_logicflows","displayName":"2022 Engagement_ When an item created_trigger Bulk Upload with Excel_DJ_ORG","definition":{"metadata":{"workflowEntityId":null,"processAdvisorMetadata":null,"flowclientsuspensionreason":"None","flowclientsuspensiontime":null,"creator":{"id":"6c2bfba0-bbcb-4704-ac23-74183e4b76d1","type":"User","tenantId":"01fedce0-a630-44f8-b186-f9f5ab9bd981"},"provisioningMethod":"FromDefinition","failureAlertSubscription":true,"clientLastModifiedTime":"2022-01-13T16:30:55.1663435Z"},"$schema":"https://schema.management.azure.com/providers/Microsoft.Logic/schemas/2016-06-01/workflowdefinition.json#","contentVersion":"1.0.0.0","parameters":{"$connections":{"defaultValue":{},"type":"Object"},"$authentication":{"defaultValue":{},"type":"SecureObject"}},"triggers":{"manual":{"metadata":{"operationMetadataId":"0631dca0-2ed6-44e3-a209-f9265255b51e"},"type":"Request","kind":"PowerApp","inputs":{"schema":{"type":"object","properties":{},"required":[]}}}},"actions":{"List_rows_present_in_a_table":{"runAfter":{},"metadata":{"01AYPDRVZQGVCLTFVVYFGYNVBKR3WC7BSY":"/Bulk Upload test.xlsx","operationMetadataId":"84900dea-93ae-43d5-8c7f-e62d57797354","tableId":"{19CDC5C1-3375-4413-9C70-A8B71F21D84B}","01AYPDRV6E2YUK5PPS3ZFLZGFDECHB35CY":"/Invoicing Bulk Upload/Himanshu/Copy/Bulk Upload test.xlsx","01WI4TI7NPFK7VKONIWRA3AMEFIU5MOSTP":"/Bulk Upload test.xlsx","01AYPDRV3G4OBGWVO5AFFKGMXK7CC2PAUU":"/Invoicing Bulk Upload/Rahul/Copy/Bulk Upload RJ.xlsx","01AYPDRV545P3VFQE7IJAJ254SRS7NGYYL":"/Weekly Engagements Bulk Upload/Sumeet P/Copy/2022 Weekly Sales Activities SP.xlsx","01AYPDRV2A3NZ73WF3CRBIOARNTPKSH7D6":"/Weekly Engagements Bulk Upload/Dinesh J/Copy/2022 Weekly Sales Activities DJ.xlsx","013NYOQOFVNMRAEQOITZD33INV6MVVQDYG":"/Upload/Weekly Engagements Bulk Upload/Dinesh/Copy/2022 Weekly Sales Activities DJ.xlsx"},"type":"OpenApiConnection","inputs":{"host":{"apiId":"/providers/Microsoft.PowerApps/apis/shared_excelonlinebusiness","connectionName":"shared_excelonlinebusiness","operationId":"GetItems"},"parameters":{"source":"sites/rosenberger1.sharepoint.com,6be3d19a-877b-4d91-a212-6df065d27b14,f3119e60-3bd5-4edd-a5ed-c90e859b63ab","drive":"b!mtHja3uHkU2iEm3wZdJ7FGCeEfPVO91Ope3JDoWbY6tIT775L6VRQ5ExdbqMqj3p","file":"013NYOQOFVNMRAEQOITZD33INV6MVVQDYG","table":"{19CDC5C1-3375-4413-9C70-A8B71F21D84B}"},"authentication":{"value":"@json(decodeBase64(triggerOutputs().headers['X-MS-APIM-Tokens']))['$ConnectionKey']","type":"Raw"}}},"Apply_to_each":{"foreach":"@outputs('List_rows_present_in_a_table')?['body/value']","actions":{"Condition":{"actions":{"Create_item":{"runAfter":{},"metadata":{"operationMetadataId":"2ca6c9c8-5def-472f-9295-e81ee6af3624"},"type":"OpenApiConnection","inputs":{"host":{"apiId":"/providers/Microsoft.PowerApps/apis/shared_sharepointonline","connectionName":"shared_sharepointonline","operationId":"PostItem"},"parameters":{"dataset":"https://rosenberger1.sharepoint.com/sites/SalesOrderTracking","table":"a8e0b6d3-c539-42b7-a381-eda0c952890e","item/Title":"@items('Apply_to_each')?['Sr_x002e_ No_x002e_']","item/POnum":"@items('Apply_to_each')?['PO Num']","item/AccountName":"@items('Apply_to_each')?['Account Name']","item/SOW":"@items('Apply_to_each')?['SOW']","item/Opportunity_x002f_Interaction":"@items('Apply_to_each')?['Opportunity _ Interaction']","item/Actionstaken_x002f_POA_x002f_Tak":"@items('Apply_to_each')?['Actions taken _ POA _ Takeaway']","item/AnyChallenge_x002f_SupportRequir":"@items('Apply_to_each')?['Any Challenge Or Support Required']","item/Client_x002f_RB/Value":"@items('Apply_to_each')?['Client Or RB']","item/NHQ_x002f_Circle/Value":"@items('Apply_to_each')?['NHQ Or Circle']","item/Department":"@items('Apply_to_each')?['Department Name']","item/Stage_x0028_PickupfromtheDropdow/Value":"@items('Apply_to_each')?['Stage (Pick up from the Drop down)']","item/Scope_x0028_IN_x002f_OUT_x0029_/Value":"@items('Apply_to_each')?['Scope (IN or OUT)']","item/TimeInvestedinHrs":"@items('Apply_to_each')?['Time Invested in Hrs']","item/AmountInvested_x0028_inINR_x0029":"@items('Apply_to_each')?['Amount Invested (in INR) if any']","item/WeekWIndow":"@items('Apply_to_each')?['Week Window']","item/WeekNumfromExcel":"@items('Apply_to_each')?['Week Number']"},"authentication":{"value":"@json(decodeBase64(triggerOutputs().headers['X-MS-APIM-Tokens']))['$ConnectionKey']","type":"Raw"}}}},"runAfter":{},"expression":{"equals":["@items('Apply_to_each')?['Column2']","YES"]},"metadata":{"operationMetadataId":"98c96ca8-d6b0-4705-98cd-8832e732bead"},"type":"If"}},"runAfter":{"List_rows_present_in_a_table":["Succeeded"]},"metadata":{"operationMetadataId":"cabf4ae2-f37f-4319-8a51-e51d6a2e220d"},"type":"Foreach"}}},"connectionReferences":{"shared_excelonlinebusiness":{"connectionName":"shared-excelonlinebu-3ccb6210-18e6-4ea5-9ea5-6a8c808db836","source":"Invoker","id":"/providers/Microsoft.PowerApps/apis/shared_excelonlinebusiness","tier":"NotSpecified"},"shared_sharepointonline":{"connectionName":"shared-sharepointonl-1fbd252a-b7b6-45b2-898b-7d1c-4869cf0a","source":"Invoker","id":"/providers/Microsoft.PowerApps/apis/shared_sharepointonline","tier":"NotSpecified"}},"flowFailureAlertSubscribed":false,"isManaged":false}}