{"schemaVersion":"1.0","appDefinitionTemplate":{"id":"/providers/Microsoft.PowerApps/apps/","type":"Microsoft.PowerApps/apps","tags":{"primaryDeviceWidth":"1366","primaryDeviceHeight":"768","sienaVersion":"20220420T180829Z-3.22042.8.0","deviceCapabilities":"","supportsPortrait":"true","supportsLandscape":"true","primaryFormFactor":"Tablet","publisherVersion":"3.22042.8","minimumRequiredApiVersion":"2.2.0","hasComponent":"true","hasUnlockedComponent":"true","isUnifiedRootApp":"false"},"properties":{"appVersion":"2022-04-20T18:08:29Z","lifeCycleId":"Published","createdByClientVersion":{"major":3,"minor":22042,"build":8,"revision":0,"majorRevision":0,"minorRevision":0},"minClientVersion":{"major":3,"minor":22042,"build":8,"revision":0,"majorRevision":0,"minorRevision":0},"backgroundColor":"RGBA(0,176,240,1)","backgroundImageUri":"/9354868776437823783/N272ba208-0312-43b1-97f8-654670e6718e-logoSmallFile","displayName":"2022 InvoicingVsEngagements_NM_NEW","description":"","commitMessage":"","appUris":{"documentUri":{"value":"/9354868776437823783/N5a43600f-de66-45a9-82ab-ff7da47bea15-document.msapp"},"imageUris":[]},"createdTime":"0001-01-01T00:00:00Z","lastModifiedTime":"0001-01-01T00:00:00Z","sharedGroupsCount":0,"sharedUsersCount":0,"icons":{"smallIconUri":"/9354868776437823783/Na06b7dfb-8903-470a-bc06-747c7a2442d9-small.png","mediumIconUri":"/9354868776437823783/N4721f5b1-9993-4eee-b9ea-49ffd3541bef-medium.png","largeIconUri":"/9354868776437823783/N03c1c799-e902-4f66-9170-714465990989-large.png","wideIconUri":"/9354868776437823783/N0538088b-1eb9-4ba9-98d3-036f7e48ce74-wide.png"},"connectionReferences":{"fb69733b-5b2d-43f3-84de-9a4417cbccc6":{"id":"509fea82-17dc-4dad-a0fe-15b3d9ea2171","displayName":"SharePoint","iconUri":"https://connectoricons-prod.azureedge.net/releases/v1.0.1568/1.0.1568.2757/sharepointonline/icon.png","dataSources":["Targets 2022_1","Invoicing_VIL_SPC_ORG","Products Listings_ORG","Nilima Bulk Upload-Copy Updated-ORG","Nilima Bulk Upload-ORG"],"dependencies":[],"dependents":[],"parameterHints":{},"parameterHintsV2":{},"isOnPremiseConnection":false,"bypassConsent":false,"dataSets":{"https://rosenberger1.sharepoint.com/sites/InvoicingInputsCollection":{"dataSources":{"Targets 2022_1":{"tableName":"ee260112-9fb7-4e28-b76d-72fa5e926a12"}}},"https://rosenberger1.sharepoint.com/sites/SalesOrderTracking":{"dataSources":{"Invoicing_VIL_SPC_ORG":{"tableName":"e26090b2-d4b4-4549-b61f-2f70a024667f"},"Products Listings_ORG":{"tableName":"96a187d8-529a-4942-a2dd-731bc62ba77f"},"Nilima Bulk Upload-Copy Updated-ORG":{"tableName":"1a3b3dd1-4e11-4362-bd8b-01906c175f72"},"Nilima Bulk Upload-ORG":{"tableName":"4cf8b4b4-b732-49b1-8eb3-30bf35f7ae73"}}}},"apiTier":"Standard","isCustomApiConnection":false,"actions":["providers/PowerPlatform.Governance/Operations/Read","providers/PowerPlatform.Governance/Operations/Write"]}},"databaseReferences":{},"almMode":"Environment","performanceOptimizationEnabled":true,"canConsumeAppPass":true,"executionRestrictions":{"isTeamsOnly":false,"dataLossPreventionEvaluationResult":{"status":"Compliant","lastEvaluationDate":"2022-04-20T18:07:25.522084Z","violations":[],"violationsByPolicy":[],"violationErrorMessage":"The app uses the following connectors: shared_sharepointonline."}}},"appType":"ClassicCanvasApp","appComponents":[]}}