{"schemaVersion":"1.0","appDefinitionTemplate":{"id":"/providers/Microsoft.PowerApps/apps/","type":"Microsoft.PowerApps/apps","tags":{"primaryDeviceWidth":"1919","primaryDeviceHeight":"811","sienaVersion":"20220210T180727Z-3.22015.22.0","deviceCapabilities":"","supportsPortrait":"true","supportsLandscape":"true","primaryFormFactor":"Tablet","publisherVersion":"3.22015.22","minimumRequiredApiVersion":"2.2.0","hasComponent":"true","hasUnlockedComponent":"true","isUnifiedRootApp":"false"},"properties":{"appVersion":"2022-02-10T18:07:27Z","lifeCycleId":"Published","createdByClientVersion":{"major":3,"minor":22015,"build":22,"revision":0,"majorRevision":0,"minorRevision":0},"minClientVersion":{"major":3,"minor":22015,"build":22,"revision":0,"majorRevision":0,"minorRevision":0},"backgroundColor":"RGBA(0,176,240,1)","backgroundImageUri":"/7501458432527850501/N83b1676e-6ebc-4c55-b31a-a6799273ac03-logoSmallFile","displayName":"2022 InvoicingVsEngagements_SH","description":"","commitMessage":"","appUris":{"documentUri":{"value":"/7501458432527850501/Nb566a5de-a4ff-4582-8722-3efb5289c20e-document.msapp"},"imageUris":[]},"createdTime":"0001-01-01T00:00:00Z","lastModifiedTime":"0001-01-01T00:00:00Z","sharedGroupsCount":0,"sharedUsersCount":0,"icons":{"smallIconUri":"/7501458432527850501/Ncba1cd6c-0a27-4b9b-b222-8c83c9903888-small.png","mediumIconUri":"/7501458432527850501/Nb1a53dd9-7bc5-41fb-a00f-81071853fd0d-medium.png","largeIconUri":"/7501458432527850501/N2b3b0e1b-165a-450d-bfab-fc2673b9752a-large.png","wideIconUri":"/7501458432527850501/N0e03a668-c9db-4a6f-9e31-fe3f4cc2e555-wide.png"},"connectionReferences":{"fb69733b-5b2d-43f3-84de-9a4417cbccc6":{"id":"509fea82-17dc-4dad-a0fe-15b3d9ea2171","displayName":"SharePoint","iconUri":"https://connectoricons-prod.azureedge.net/releases/v1.0.1550/1.0.1550.2686/sharepointonline/icon.png","dataSources":["Targets 2022_1","Invoicing_SERVICES - H - ORG","Invoicing_SERVICES-SH_ORG","Products Listings_ORG"],"dependencies":[],"dependents":[],"parameterHints":{},"parameterHintsV2":{},"isOnPremiseConnection":false,"bypassConsent":false,"dataSets":{"https://rosenberger1.sharepoint.com/sites/InvoicingInputsCollection":{"dataSources":{"Targets 2022_1":{"tableName":"ee260112-9fb7-4e28-b76d-72fa5e926a12"}}},"https://rosenberger1.sharepoint.com/sites/SalesOrderTracking":{"dataSources":{"Invoicing_SERVICES - H - ORG":{"tableName":"014dc5e1-0d27-42c3-b134-24d8b45b0c1e"},"Invoicing_SERVICES-SH_ORG":{"tableName":"0954abfa-2a14-49e7-8b15-07e03ebd573a"},"Products Listings_ORG":{"tableName":"96a187d8-529a-4942-a2dd-731bc62ba77f"}}}},"apiTier":"Standard","isCustomApiConnection":false,"actions":["providers/PowerPlatform.Governance/Operations/Read","providers/PowerPlatform.Governance/Operations/Write"]}},"databaseReferences":{},"almMode":"Environment","performanceOptimizationEnabled":true,"canConsumeAppPass":true,"executionRestrictions":{"isTeamsOnly":false,"dataLossPreventionEvaluationResult":{"status":"Compliant","lastEvaluationDate":"2021-10-26T10:09:02.0529585Z","violations":[],"violationsByPolicy":[],"violationErrorMessage":"The app uses the following connectors: shared_sharepointonline, shared_powerbi, shared_dataflows."}}},"appType":"ClassicCanvasApp","appComponents":[]}}