{"schemaVersion":"1.0","appDefinitionTemplate":{"id":"/providers/Microsoft.PowerApps/apps/","type":"Microsoft.PowerApps/apps","tags":{"primaryDeviceWidth":"1366","primaryDeviceHeight":"768","sienaVersion":"20220430T141708Z-3.22043.14.0","deviceCapabilities":"","supportsPortrait":"true","supportsLandscape":"true","primaryFormFactor":"Tablet","publisherVersion":"3.22043.14","minimumRequiredApiVersion":"2.2.0","hasComponent":"true","hasUnlockedComponent":"true","isUnifiedRootApp":"false"},"properties":{"appVersion":"2022-04-30T14:17:08Z","lifeCycleId":"Published","createdByClientVersion":{"major":3,"minor":22043,"build":14,"revision":0,"majorRevision":0,"minorRevision":0},"minClientVersion":{"major":3,"minor":22043,"build":14,"revision":0,"majorRevision":0,"minorRevision":0},"backgroundColor":"RGBA(0,176,240,1)","backgroundImageUri":"/13474490449446878193/N2818c5ee-4890-4171-b07f-269ae14681e9-logoSmallFile","displayName":"2022 InvoicingVsEngagements_SP_ORG_NEW2","description":"","commitMessage":"","appUris":{"documentUri":{"value":"/13474490449446878193/Nb720787c-e9cd-4578-8ccd-4ba7d3fa4d1d-document.msapp"},"imageUris":[]},"createdTime":"0001-01-01T00:00:00Z","lastModifiedTime":"0001-01-01T00:00:00Z","sharedGroupsCount":0,"sharedUsersCount":0,"icons":{"smallIconUri":"/13474490449446878193/N850a270b-d035-4781-ae24-86e151e8dbbe-small.png","mediumIconUri":"/13474490449446878193/N27081964-3c34-4e0b-b015-c3ec1a356e6d-medium.png","largeIconUri":"/13474490449446878193/N2e39d0df-608a-4f8c-951a-8e773e60ea54-large.png","wideIconUri":"/13474490449446878193/N7a0ac194-5d2d-46d5-b156-dd3cff7f2be1-wide.png"},"connectionReferences":{"fb69733b-5b2d-43f3-84de-9a4417cbccc6":{"id":"509fea82-17dc-4dad-a0fe-15b3d9ea2171","displayName":"SharePoint","iconUri":"https://connectoricons-prod.azureedge.net/releases/v1.0.1568/1.0.1568.2757/sharepointonline/icon.png","dataSources":["Targets 2022_1","Weekly Investments SP - ORG","Sumeet Bulk Upload-Copy Updated-ORG","Sumeet Bulk Upload-ORG","Products Listings_ORG","Invoicing_SERVICES-SH_ORG"],"dependencies":[],"dependents":[],"parameterHints":{},"parameterHintsV2":{},"isOnPremiseConnection":false,"dataSets":{"https://rosenberger1.sharepoint.com/sites/InvoicingInputsCollection":{"dataSources":{"Targets 2022_1":{"tableName":"ee260112-9fb7-4e28-b76d-72fa5e926a12"}}},"https://rosenberger1.sharepoint.com/sites/SalesOrderTracking":{"dataSources":{"Weekly Investments SP - ORG":{"tableName":"20b0c628-0ba0-4abe-906d-aa9e01ef5b2c"},"Sumeet Bulk Upload-Copy Updated-ORG":{"tableName":"67b54c54-54eb-4be2-803f-6531200ef25d"},"Sumeet Bulk Upload-ORG":{"tableName":"a9a66da8-4abd-4d74-9b9f-c6c08a86f9e6"},"Products Listings_ORG":{"tableName":"96a187d8-529a-4942-a2dd-731bc62ba77f"},"Invoicing_SERVICES-SH_ORG":{"tableName":"0954abfa-2a14-49e7-8b15-07e03ebd573a"}}}},"apiTier":"Standard","isCustomApiConnection":false,"actions":["providers/PowerPlatform.Governance/Operations/Read","providers/PowerPlatform.Governance/Operations/Write"]},"6c3a4e1e-83be-40bb-94ea-ab3ba9c32bca":{"id":"509fea82-17dc-4dad-a0fe-15b3d9ea2171","displayName":"SharePoint","iconUri":"https://connectoricons-prod.azureedge.net/releases/v1.0.1568/1.0.1568.2757/sharepointonline/icon.png","dataSources":["Invoicing_RJIO_ORG"],"dependencies":[],"dependents":[],"parameterHints":{},"parameterHintsV2":{},"isOnPremiseConnection":false,"dataSets":{"https://rosenberger1.sharepoint.com/sites/SalesOrderTracking":{"dataSources":{"Invoicing_RJIO_ORG":{"tableName":"f054740e-3777-4c56-b92b-24df6f17cfbe"}}}},"apiTier":"Standard","isCustomApiConnection":false,"actions":["providers/PowerPlatform.Governance/Operations/Read","providers/PowerPlatform.Governance/Operations/Write"]}},"databaseReferences":{},"almMode":"Environment","performanceOptimizationEnabled":true,"canConsumeAppPass":true,"executionRestrictions":{"isTeamsOnly":false,"dataLossPreventionEvaluationResult":{"status":"Compliant","lastEvaluationDate":"2022-04-30T14:17:24.1674441Z","violations":[],"violationsByPolicy":[],"violationErrorMessage":"The app uses the following connectors: shared_sharepointonline."}}},"appType":"ClassicCanvasApp","appComponents":[]}}