{"schemaVersion":"1.0","appDefinitionTemplate":{"id":"/providers/Microsoft.PowerApps/apps/","type":"Microsoft.PowerApps/apps","tags":{"primaryDeviceWidth":"1366","primaryDeviceHeight":"768","sienaVersion":"20220425T054716Z-3.22042.8.0","deviceCapabilities":"","supportsPortrait":"true","supportsLandscape":"true","primaryFormFactor":"Tablet","publisherVersion":"3.22042.8","minimumRequiredApiVersion":"2.2.0","hasComponent":"true","hasUnlockedComponent":"true","isUnifiedRootApp":"false"},"properties":{"appVersion":"2022-04-25T05:47:16Z","lifeCycleId":"Published","createdByClientVersion":{"major":3,"minor":22042,"build":8,"revision":0,"majorRevision":0,"minorRevision":0},"minClientVersion":{"major":3,"minor":22042,"build":8,"revision":0,"majorRevision":0,"minorRevision":0},"backgroundColor":"RGBA(0,176,240,1)","backgroundImageUri":"/7136270786582501713/N819a9c22-3e88-46a8-814c-e8b69b850fd7-logoSmallFile","displayName":"2022 InvoicingVsEngagements_DJ_ORG_NEW","description":"","commitMessage":"","appUris":{"documentUri":{"value":"/7136270786582501713/N8765823f-e494-4b33-9a0b-77adabe54e42-document.msapp"},"imageUris":[]},"createdTime":"0001-01-01T00:00:00Z","lastModifiedTime":"0001-01-01T00:00:00Z","sharedGroupsCount":0,"sharedUsersCount":0,"icons":{"smallIconUri":"/7136270786582501713/N2ddff24c-bfe4-4af6-b389-0bbbd549e2f0-small.png","mediumIconUri":"/7136270786582501713/Naa3bc221-5af0-4c8b-9500-20906215d469-medium.png","largeIconUri":"/7136270786582501713/Nba10c571-4928-4cd4-a1c7-9da962d6e1f1-large.png","wideIconUri":"/7136270786582501713/Ne76cbe91-a3ca-4d66-96ec-11a391df92e5-wide.png"},"connectionReferences":{"fb69733b-5b2d-43f3-84de-9a4417cbccc6":{"id":"509fea82-17dc-4dad-a0fe-15b3d9ea2171","displayName":"SharePoint","iconUri":"https://connectoricons-prod.azureedge.net/releases/v1.0.1568/1.0.1568.2757/sharepointonline/icon.png","dataSources":["Targets 2022_1","Invoicing_SERVICES - H - ORG","Weekly Investments DJ - ORG","Dinesh Bulk Upload-Copy Updated-ORG","Dinesh Bulk Upload-ORG","Products Listings_ORG"],"dependencies":[],"dependents":[],"parameterHints":{},"parameterHintsV2":{},"isOnPremiseConnection":false,"bypassConsent":false,"dataSets":{"https://rosenberger1.sharepoint.com/sites/InvoicingInputsCollection":{"dataSources":{"Targets 2022_1":{"tableName":"ee260112-9fb7-4e28-b76d-72fa5e926a12"}}},"https://rosenberger1.sharepoint.com/sites/SalesOrderTracking":{"dataSources":{"Invoicing_SERVICES - H - ORG":{"tableName":"014dc5e1-0d27-42c3-b134-24d8b45b0c1e"},"Weekly Investments DJ - ORG":{"tableName":"a8e0b6d3-c539-42b7-a381-eda0c952890e"},"Dinesh Bulk Upload-Copy Updated-ORG":{"tableName":"467d9d89-0164-4555-b07d-9d58c3019f32"},"Dinesh Bulk Upload-ORG":{"tableName":"1dcd2c1d-2425-48ae-87c8-c54bc4819904"},"Products Listings_ORG":{"tableName":"96a187d8-529a-4942-a2dd-731bc62ba77f"}}}},"apiTier":"Standard","isCustomApiConnection":false,"actions":["providers/PowerPlatform.Governance/Operations/Read","providers/PowerPlatform.Governance/Operations/Write"]}},"databaseReferences":{},"almMode":"Environment","performanceOptimizationEnabled":true,"canConsumeAppPass":true,"executionRestrictions":{"isTeamsOnly":false,"dataLossPreventionEvaluationResult":{"status":"Compliant","lastEvaluationDate":"2022-04-24T16:44:09.6168267Z","violations":[],"violationsByPolicy":[],"violationErrorMessage":"The app uses the following connectors: shared_sharepointonline, shared_logicflows, shared_excelonlinebusiness."},"httpActionRestriction":{"appUsesSharepointHttpAction":false,"enforcementStrategy":"Legacy","evaluationTime":"2022-04-24T16:44:09.6168267Z"}}},"appType":"ClassicCanvasApp","appComponents":[]}}