{"name":"4c402129-6b0d-4090-8455-8f99a2b17eb0","id":"/providers/Microsoft.Flow/flows/4c402129-6b0d-4090-8455-8f99a2b17eb0","type":"Microsoft.Flow/flows","properties":{"apiId":"/providers/Microsoft.PowerApps/apis/shared_logicflows","displayName":"Rev_RJ-2022 Invoicing _ When an item created_trigger Bulk Upload with Excel_RJ_ORG","definition":{"metadata":{"workflowEntityId":null,"processAdvisorMetadata":null,"flowclientsuspensionreason":"None","flowclientsuspensiontime":null,"creator":{"id":"6c2bfba0-bbcb-4704-ac23-74183e4b76d1","type":"User","tenantId":"01fedce0-a630-44f8-b186-f9f5ab9bd981"},"provisioningMethod":"FromDefinition","failureAlertSubscription":true,"clientLastModifiedTime":"2022-02-02T19:19:55.6809651Z"},"$schema":"https://schema.management.azure.com/providers/Microsoft.Logic/schemas/2016-06-01/workflowdefinition.json#","contentVersion":"1.0.0.0","parameters":{"$connections":{"defaultValue":{},"type":"Object"},"$authentication":{"defaultValue":{},"type":"SecureObject"}},"triggers":{"manual":{"metadata":{"operationMetadataId":"f1d0e43c-dcd8-4666-bf6e-1b147ee47d79"},"type":"Request","kind":"PowerApp","inputs":{"schema":{"type":"object","properties":{},"required":[]}}}},"actions":{"List_rows_present_in_a_table":{"runAfter":{},"metadata":{"01AYPDRVZQGVCLTFVVYFGYNVBKR3WC7BSY":"/Bulk Upload test.xlsx","operationMetadataId":"84900dea-93ae-43d5-8c7f-e62d57797354","tableId":"{00000000-000C-0000-FFFF-FFFF00000000}","01AYPDRV6E2YUK5PPS3ZFLZGFDECHB35CY":"/Invoicing Bulk Upload/Himanshu/Copy/Bulk Upload test.xlsx","01WI4TI7NPFK7VKONIWRA3AMEFIU5MOSTP":"/Bulk Upload test.xlsx","01AYPDRV4AFOS4YL4POBB24MLRQHB7MDD2":"/Invoicing Bulk Upload/Himanshu/Copy/Bulk Upload HM.xlsx","013NYOQOGSTQ4VFOV2RBBIFDZ4ENGGRTDW":"/Upload/Invoicing Bulk Upload/Himanshu/Copy/Bulk Upload HM.xlsx","013NYOQOE2JADUZFUTT5BKHUTI3MEBIHUH":"/Upload/Invoicing Bulk Upload/Rahul/Copy/Bulk Upload RJ.xlsx"},"type":"OpenApiConnection","inputs":{"host":{"apiId":"/providers/Microsoft.PowerApps/apis/shared_excelonlinebusiness","connectionName":"shared_excelonlinebusiness","operationId":"GetItems"},"parameters":{"source":"sites/rosenberger1.sharepoint.com,6be3d19a-877b-4d91-a212-6df065d27b14,f3119e60-3bd5-4edd-a5ed-c90e859b63ab","drive":"b!mtHja3uHkU2iEm3wZdJ7FGCeEfPVO91Ope3JDoWbY6tIT775L6VRQ5ExdbqMqj3p","file":"013NYOQOE2JADUZFUTT5BKHUTI3MEBIHUH","table":"{00000000-000C-0000-FFFF-FFFF00000000}"},"authentication":{"value":"@json(decodeBase64(triggerOutputs().headers['X-MS-APIM-Tokens']))['$ConnectionKey']","type":"Raw"}}},"Apply_to_each":{"foreach":"@outputs('List_rows_present_in_a_table')?['body/value']","actions":{"Condition":{"actions":{"Compose_Input_Date":{"runAfter":{},"metadata":{"operationMetadataId":"c5bded53-f30c-4083-9349-86016a73908b"},"type":"Compose","inputs":"@items('Apply_to_each')?['Date By End Of current Month (today)']"},"Create_item":{"runAfter":{"Compose_Formatted_Date":["Succeeded"]},"metadata":{"operationMetadataId":"538dce7a-b748-4d77-8cd0-f27c72f6645c"},"type":"OpenApiConnection","inputs":{"host":{"apiId":"/providers/Microsoft.PowerApps/apis/shared_sharepointonline","connectionName":"shared_sharepointonline","operationId":"PostItem"},"parameters":{"dataset":"https://rosenberger1.sharepoint.com/sites/SalesOrderTracking","table":"f054740e-3777-4c56-b92b-24df6f17cfbe","item/Title":"@items('Apply_to_each')?['PO Num']","item/DateByEndOfCurrentMonth_x0028_To":"@addDays('1899-12-30',int(items('Apply_to_each')?['Date By End Of current Month (today)']),'yyyy-MM-dd')","item/PONum":"@items('Apply_to_each')?['PO Num']","item/ClientCategory/Value":"@items('Apply_to_each')?['Client Category']","item/CustomerName":"@items('Apply_to_each')?['Customer Name']","item/BusinessTypeCategory/Value":"@items('Apply_to_each')?['Business Type Category']","item/ProductsSubCategory/Value":"@items('Apply_to_each')?['Business Type SUB-Category']","item/Products_x002f_Services":"@items('Apply_to_each')?['Products ~1 Services']","item/RevenueInvoiced_x0028_INR_x0029_":"@items('Apply_to_each')?['Revenue Invoiced (INR)']","item/INVExchngRate":"@items('Apply_to_each')?['Exchange Rate (Inv)']","item/OpenOrder_x0028_INR_x0029_":"@items('Apply_to_each')?['Open Order (INR)']","item/OPNExchngRt":"@items('Apply_to_each')?['Exchange Rate (Opn)']","item/Projected_x0028_INR_x0029_":"@items('Apply_to_each')?['Projected Target amt (INR)']","item/PRJExchngRt":"@items('Apply_to_each')?['Exchange Rate (Prj)']","item/SalesManager/Value":"@items('Apply_to_each')?['KAM']"},"authentication":{"value":"@json(decodeBase64(triggerOutputs().headers['X-MS-APIM-Tokens']))['$ConnectionKey']","type":"Raw"}}},"Compose_Formatted_Date":{"runAfter":{"Compose_Input_Date":["Succeeded"]},"metadata":{"operationMetadataId":"80555b38-118d-48ca-bcd5-e9a04f5d5bfe"},"type":"Compose","inputs":"@addDays('1899-12-30',int(outputs('Compose_Input_Date')),'dd-MM-yyyy')"}},"runAfter":{},"expression":{"contains":["@items('Apply_to_each')?['Column2']","YES"]},"metadata":{"operationMetadataId":"b83d9aba-6f78-4803-ad56-c89ab4ce1e17"},"type":"If"}},"runAfter":{"Apply_to_each_2":["Succeeded"]},"metadata":{"operationMetadataId":"03d20493-adb7-498e-b351-dd669bb386aa"},"type":"Foreach"},"Apply_to_each_2":{"foreach":"@outputs('List_rows_present_in_a_table')?['body/value']","actions":{"Compose":{"runAfter":{},"metadata":{"operationMetadataId":"950f9cc3-91a8-4d0c-8b61-10bfa443a792"},"type":"Compose","inputs":"@items('Apply_to_each_2')?['Date By End Of current Month (today)']"},"Compose_2":{"runAfter":{"Compose":["Succeeded"]},"metadata":{"operationMetadataId":"476f282b-a421-45db-a173-1717720f46b6"},"type":"Compose","inputs":"@addDays('1899-12-30',int(outputs('Compose')),'dd-MM-yyyy')"}},"runAfter":{"List_rows_present_in_a_table":["Succeeded"]},"metadata":{"operationMetadataId":"b268ce38-cd7c-4eeb-998f-3ca74368ef83"},"type":"Foreach"}}},"connectionReferences":{"shared_excelonlinebusiness":{"connectionName":"shared-excelonlinebu-3ccb6210-18e6-4ea5-9ea5-6a8c808db836","source":"Invoker","id":"/providers/Microsoft.PowerApps/apis/shared_excelonlinebusiness","tier":"NotSpecified"},"shared_sharepointonline":{"connectionName":"shared-sharepointonl-1fbd252a-b7b6-45b2-898b-7d1c-4869cf0a","source":"Invoker","id":"/providers/Microsoft.PowerApps/apis/shared_sharepointonline","tier":"NotSpecified"}},"flowFailureAlertSubscribed":false,"isManaged":false}}