{"name":"c7651e4b-e714-4ff3-9017-f4941dc41336","id":"/providers/Microsoft.Flow/flows/c7651e4b-e714-4ff3-9017-f4941dc41336","type":"Microsoft.Flow/flows","properties":{"apiId":"/providers/Microsoft.PowerApps/apis/shared_logicflows","displayName":"transfer targets from 2022 SP Site to sales tracking Site_SV","definition":{"metadata":{"workflowEntityId":null,"processAdvisorMetadata":null,"flowclientsuspensionreason":"None","flowclientsuspensiontime":null,"creator":{"id":"6c2bfba0-bbcb-4704-ac23-74183e4b76d1","type":"User","tenantId":"01fedce0-a630-44f8-b186-f9f5ab9bd981"},"provisioningMethod":"FromDefinition","failureAlertSubscription":true,"clientLastModifiedTime":"2022-01-24T17:20:12.3687568Z"},"$schema":"https://schema.management.azure.com/providers/Microsoft.Logic/schemas/2016-06-01/workflowdefinition.json#","contentVersion":"1.0.0.0","parameters":{"$connections":{"defaultValue":{},"type":"Object"},"$authentication":{"defaultValue":{},"type":"SecureObject"}},"triggers":{"manual":{"metadata":{"operationMetadataId":"1e712fcf-0696-4581-9171-f46521a3ec0e"},"type":"Request","kind":"Button","inputs":{"schema":{"type":"object","properties":{},"required":[]}}}},"actions":{"Get_items":{"runAfter":{},"metadata":{"operationMetadataId":"b5595f43-8d9d-47c1-8a35-0ea4e37070c6"},"type":"OpenApiConnection","inputs":{"host":{"apiId":"/providers/Microsoft.PowerApps/apis/shared_sharepointonline","connectionName":"shared_sharepointonline","operationId":"GetItems"},"parameters":{"dataset":"https://rosenberger1.sharepoint.com/sites/InvoicingInputsCollection","table":"68b70f26-13a7-46bc-a87b-d09d04f78418"},"authentication":{"value":"@json(decodeBase64(triggerOutputs().headers['X-MS-APIM-Tokens']))['$ConnectionKey']","type":"Raw"}}},"Apply_to_each":{"foreach":"@outputs('Get_items')?['body/value']","actions":{"Create_item":{"runAfter":{},"metadata":{"operationMetadataId":"6afada29-c0c6-491f-81bb-162386187ce6"},"type":"OpenApiConnection","inputs":{"host":{"apiId":"/providers/Microsoft.PowerApps/apis/shared_sharepointonline","connectionName":"shared_sharepointonline","operationId":"PostItem"},"parameters":{"dataset":"https://rosenberger1.sharepoint.com/sites/SalesOrderTracking","table":"fe531dbc-40a9-4d45-824e-959c825e6a25","item/Title":"@items('Apply_to_each')?['ID']","item/Description/Value":"@items('Apply_to_each')?['Description/Value']","item/ProductsSub_x002d_Category/Value":"@items('Apply_to_each')?['ProductsSub_x002d_Category/Value']","item/Particulars":"@items('Apply_to_each')?['Particulars']","item/Qty":"@items('Apply_to_each')?['Qty']","item/Rate":"@items('Apply_to_each')?['Rate']","item/SalesManager/Value":"@items('Apply_to_each')?['SalesManager/Value']","item/USDRate":"@items('Apply_to_each')?['USDRate']","item/Jan_x002d_Qty":"@items('Apply_to_each')?['Jan_x002d_Qty']","item/Jan_x002d_INR":"@items('Apply_to_each')?['Jan_x002d_INR']","item/Feb_x002d_Qty":"@items('Apply_to_each')?['Feb_x002d_Qty']","item/Feb_x002d_INR":"@items('Apply_to_each')?['Feb_x002d_INR']","item/Mar_x002d_Qty":"@items('Apply_to_each')?['Mar_x002d_Qty']","item/Mar_x002d_INR":"@items('Apply_to_each')?['Mar_x002d_INR']","item/Apr_x002d_Qty":"@items('Apply_to_each')?['Apr_x002d_Qty']","item/Apr_x002d_INR":"@items('Apply_to_each')?['Apr_x002d_INR']","item/May_x002d_Qty":"@items('Apply_to_each')?['May_x002d_Qty']","item/May_x002d_INR":"@items('Apply_to_each')?['May_x002d_INR']","item/Jun_x002d_Qty":"@items('Apply_to_each')?['Jun_x002d_Qty']","item/Jun_x002d_INR":"@items('Apply_to_each')?['Jun_x002d_INR']","item/Jul_x002d_Qty":"@items('Apply_to_each')?['Jul_x002d_Qty']","item/Jul_x002d_INR":"@items('Apply_to_each')?['Jul_x002d_INR']","item/Aug_x002d_Qty":"@items('Apply_to_each')?['Aug_x002d_Qty']","item/Aug_x002d_INR":"@items('Apply_to_each')?['Aug_x002d_INR']","item/Sep_x002d_Qty":"@items('Apply_to_each')?['Sep_x002d_Qty']","item/Sep_x002d_INR":"@items('Apply_to_each')?['Sep_x002d_INR']","item/Oct_x002d_Qty":"@items('Apply_to_each')?['Oct_x002d_Qty']","item/Oct_x002d_INR":"@items('Apply_to_each')?['Oct_x002d_INR']","item/Nov_x002d_Qty":"@items('Apply_to_each')?['Nov_x002d_Qty']","item/Nov_x002d_INR":"@items('Apply_to_each')?['Nov_x002d_INR']","item/Dec_x002d_Qty":"@items('Apply_to_each')?['Dec_x002d_Qty']","item/Dec_x002d_INR":"@items('Apply_to_each')?['Dec_x002d_INR']"},"authentication":{"value":"@json(decodeBase64(triggerOutputs().headers['X-MS-APIM-Tokens']))['$ConnectionKey']","type":"Raw"}}}},"runAfter":{"Get_items":["Succeeded"]},"metadata":{"operationMetadataId":"03743b20-f7d6-4e79-b656-fd28ad6f150d"},"type":"Foreach"}}},"connectionReferences":{"shared_sharepointonline":{"connectionName":"shared-sharepointonl-1fbd252a-b7b6-45b2-898b-7d1c-4869cf0a","source":"Invoker","id":"/providers/Microsoft.PowerApps/apis/shared_sharepointonline","tier":"NotSpecified"}},"flowFailureAlertSubscribed":false,"isManaged":false}}