{"schemaVersion":"1.0","appDefinitionTemplate":{"id":"/providers/Microsoft.PowerApps/apps/","type":"Microsoft.PowerApps/apps","tags":{"primaryDeviceWidth":"1366","primaryDeviceHeight":"768","sienaVersion":"20220425T054114Z-3.22042.8.0","deviceCapabilities":"","supportsPortrait":"true","supportsLandscape":"true","primaryFormFactor":"Tablet","publisherVersion":"3.22042.8","minimumRequiredApiVersion":"2.2.0","hasComponent":"true","hasUnlockedComponent":"true","isUnifiedRootApp":"false"},"properties":{"appVersion":"2022-04-25T05:41:14Z","lifeCycleId":"Published","createdByClientVersion":{"major":3,"minor":22042,"build":8,"revision":0,"majorRevision":0,"minorRevision":0},"minClientVersion":{"major":3,"minor":22042,"build":8,"revision":0,"majorRevision":0,"minorRevision":0},"backgroundColor":"RGBA(0,176,240,1)","backgroundImageUri":"/7309463640768568249/N4777f12f-37be-4aee-9cd9-807ce105f6d2-logoSmallFile","displayName":"2022 InvoicingVsEngagements_HM_ORG_NEW","description":"","commitMessage":"","appUris":{"documentUri":{"value":"/7309463640768568249/N03bfe497-2ebd-425e-90bf-4f332eda3f4f-document.msapp"},"imageUris":[]},"createdTime":"0001-01-01T00:00:00Z","lastModifiedTime":"0001-01-01T00:00:00Z","sharedGroupsCount":0,"sharedUsersCount":0,"icons":{"smallIconUri":"/7309463640768568249/N26e3aa5f-16e7-4266-9667-4dc37dbd542d-small.png","mediumIconUri":"/7309463640768568249/Na7d83342-c434-4e73-a462-8a34b6e62a8c-medium.png","largeIconUri":"/7309463640768568249/Nba0cc0fc-8f64-4a61-ba63-9e15e58d3bb9-large.png","wideIconUri":"/7309463640768568249/N05446a34-2ddd-4372-8b64-37f1d43a4589-wide.png"},"connectionReferences":{"fb69733b-5b2d-43f3-84de-9a4417cbccc6":{"id":"509fea82-17dc-4dad-a0fe-15b3d9ea2171","displayName":"SharePoint","iconUri":"https://connectoricons-prod.azureedge.net/releases/v1.0.1568/1.0.1568.2757/sharepointonline/icon.png","dataSources":["Targets 2022_1","Targets 2022_DJ","Invoicing_SERVICES - H - ORG","Products Listings_ORG","Himanshu Bulk Upload-Copy Updated-ORG","Himanshu Bulk Upload-ORG","Invoicing_SERVICES-SH_ORG"],"dependencies":[],"dependents":[],"parameterHints":{},"parameterHintsV2":{},"isOnPremiseConnection":false,"bypassConsent":false,"dataSets":{"https://rosenberger1.sharepoint.com/sites/InvoicingInputsCollection":{"dataSources":{"Targets 2022_1":{"tableName":"ee260112-9fb7-4e28-b76d-72fa5e926a12"},"Targets 2022_DJ":{"tableName":"7f9ec89b-a135-41b4-ad3e-877fe6e4be21"}}},"https://rosenberger1.sharepoint.com/sites/SalesOrderTracking":{"dataSources":{"Invoicing_SERVICES - H - ORG":{"tableName":"014dc5e1-0d27-42c3-b134-24d8b45b0c1e"},"Products Listings_ORG":{"tableName":"96a187d8-529a-4942-a2dd-731bc62ba77f"},"Himanshu Bulk Upload-Copy Updated-ORG":{"tableName":"5d9481fe-b336-402d-bb2e-e9effd19bdb8"},"Himanshu Bulk Upload-ORG":{"tableName":"0f9ba211-e5cb-4622-a7a8-e28814df3498"},"Invoicing_SERVICES-SH_ORG":{"tableName":"0954abfa-2a14-49e7-8b15-07e03ebd573a"}}}},"apiTier":"Standard","isCustomApiConnection":false,"actions":["providers/PowerPlatform.Governance/Operations/Read","providers/PowerPlatform.Governance/Operations/Write"]}},"databaseReferences":{},"almMode":"Environment","performanceOptimizationEnabled":true,"canConsumeAppPass":true,"executionRestrictions":{"isTeamsOnly":false,"dataLossPreventionEvaluationResult":{"status":"Compliant","lastEvaluationDate":"2022-04-24T16:41:42.106025Z","violations":[],"violationsByPolicy":[],"violationErrorMessage":"The app uses the following connectors: shared_sharepointonline, shared_excelonlinebusiness, shared_logicflows."},"httpActionRestriction":{"appUsesSharepointHttpAction":false,"enforcementStrategy":"Legacy","evaluationTime":"2022-04-24T16:41:42.106025Z"}}},"appType":"ClassicCanvasApp","appComponents":[]}}